--------------------------------------------------------
-- Archivo creado  - domingo-febrero-20-2022   
--------------------------------------------------------
--------------------------------------------------------
--  DDL for Table BRANDS
--------------------------------------------------------

  CREATE TABLE "LITTLE_ERP"."BRANDS" 
   (	"IDBRAND" NUMBER, 
	"BRAND" VARCHAR2(20 BYTE)
   ) SEGMENT CREATION IMMEDIATE 
  PCTFREE 10 PCTUSED 40 INITRANS 1 MAXTRANS 255 
 NOCOMPRESS LOGGING
  STORAGE(INITIAL 65536 NEXT 1048576 MINEXTENTS 1 MAXEXTENTS 2147483645
  PCTINCREASE 0 FREELISTS 1 FREELIST GROUPS 1
  BUFFER_POOL DEFAULT FLASH_CACHE DEFAULT CELL_FLASH_CACHE DEFAULT)
  TABLESPACE "USERS" ;
--------------------------------------------------------
--  DDL for Table COUNTINVOICE
--------------------------------------------------------

  CREATE TABLE "LITTLE_ERP"."COUNTINVOICE" 
   (	"AGE" NUMBER, 
	"NUM" NUMBER
   ) SEGMENT CREATION IMMEDIATE 
  PCTFREE 10 PCTUSED 40 INITRANS 1 MAXTRANS 255 
 NOCOMPRESS LOGGING
  STORAGE(INITIAL 65536 NEXT 1048576 MINEXTENTS 1 MAXEXTENTS 2147483645
  PCTINCREASE 0 FREELISTS 1 FREELIST GROUPS 1
  BUFFER_POOL DEFAULT FLASH_CACHE DEFAULT CELL_FLASH_CACHE DEFAULT)
  TABLESPACE "USERS" ;
--------------------------------------------------------
--  DDL for Table CUSTOMERS
--------------------------------------------------------

  CREATE TABLE "LITTLE_ERP"."CUSTOMERS" 
   (	"IDCUSTOMER" NUMBER(*,0), 
	"NAME" VARCHAR2(30 BYTE), 
	"SURNAME" VARCHAR2(20 BYTE), 
	"ADDRESS" VARCHAR2(30 BYTE), 
	"PHONE" NUMBER(*,0), 
	"EMAIL" VARCHAR2(20 BYTE), 
	"DELETED" NUMBER(*,0), 
	"REFZIPCODESCITIES" NUMBER, 
	"NIF" VARCHAR2(10 BYTE)
   ) SEGMENT CREATION IMMEDIATE 
  PCTFREE 10 PCTUSED 0 INITRANS 1 MAXTRANS 255 
 NOCOMPRESS LOGGING
  STORAGE(INITIAL 65536 NEXT 1048576 MINEXTENTS 1 MAXEXTENTS 2147483645
  PCTINCREASE 0 FREELISTS 1 FREELIST GROUPS 1
  BUFFER_POOL DEFAULT FLASH_CACHE DEFAULT CELL_FLASH_CACHE DEFAULT)
  TABLESPACE "USERS" ;
--------------------------------------------------------
--  DDL for Table GENERICPRODUCTS
--------------------------------------------------------

  CREATE TABLE "LITTLE_ERP"."GENERICPRODUCTS" 
   (	"IDORDERGENERIC" NUMBER, 
	"REFORDER" NUMBER, 
	"AMOUNT" NUMBER, 
	"PRICESALE" FLOAT(126), 
	"DESCRIPTION" VARCHAR2(20 BYTE)
   ) SEGMENT CREATION IMMEDIATE 
  PCTFREE 10 PCTUSED 40 INITRANS 1 MAXTRANS 255 
 NOCOMPRESS LOGGING
  STORAGE(INITIAL 65536 NEXT 1048576 MINEXTENTS 1 MAXEXTENTS 2147483645
  PCTINCREASE 0 FREELISTS 1 FREELIST GROUPS 1
  BUFFER_POOL DEFAULT FLASH_CACHE DEFAULT CELL_FLASH_CACHE DEFAULT)
  TABLESPACE "USERS" ;
--------------------------------------------------------
--  DDL for Table INVOICES
--------------------------------------------------------

  CREATE TABLE "LITTLE_ERP"."INVOICES" 
   (	"IDINVOICE" NUMBER, 
	"DATETIME" DATE, 
	"ACCOUNTED" NUMBER, 
	"DELETED" NUMBER
   ) SEGMENT CREATION IMMEDIATE 
  PCTFREE 10 PCTUSED 40 INITRANS 1 MAXTRANS 255 
 NOCOMPRESS LOGGING
  STORAGE(INITIAL 65536 NEXT 1048576 MINEXTENTS 1 MAXEXTENTS 2147483645
  PCTINCREASE 0 FREELISTS 1 FREELIST GROUPS 1
  BUFFER_POOL DEFAULT FLASH_CACHE DEFAULT CELL_FLASH_CACHE DEFAULT)
  TABLESPACE "USERS" ;
--------------------------------------------------------
--  DDL for Table ORDER_INVOICE
--------------------------------------------------------

  CREATE TABLE "LITTLE_ERP"."ORDER_INVOICE" 
   (	"ID_ORDER_INVOICE" NUMBER, 
	"IDINVOICE" NUMBER, 
	"IDORDER" NUMBER
   ) SEGMENT CREATION IMMEDIATE 
  PCTFREE 10 PCTUSED 40 INITRANS 1 MAXTRANS 255 
 NOCOMPRESS LOGGING
  STORAGE(INITIAL 65536 NEXT 1048576 MINEXTENTS 1 MAXEXTENTS 2147483645
  PCTINCREASE 0 FREELISTS 1 FREELIST GROUPS 1
  BUFFER_POOL DEFAULT FLASH_CACHE DEFAULT CELL_FLASH_CACHE DEFAULT)
  TABLESPACE "USERS" ;
--------------------------------------------------------
--  DDL for Table ORDERS
--------------------------------------------------------

  CREATE TABLE "LITTLE_ERP"."ORDERS" 
   (	"IDORDER" NUMBER(*,0), 
	"REFCUSTOMER" NUMBER(*,0), 
	"REFUSER" NUMBER(*,0), 
	"DATETIME" DATE, 
	"REFPAYMENTMETHOD" NUMBER, 
	"TOTAL" NUMBER(20,2), 
	"PREPAID" NUMBER(20,2), 
	"DELETED" NUMBER(*,0)
   ) SEGMENT CREATION IMMEDIATE 
  PCTFREE 10 PCTUSED 0 INITRANS 1 MAXTRANS 255 
 NOCOMPRESS LOGGING
  STORAGE(INITIAL 65536 NEXT 1048576 MINEXTENTS 1 MAXEXTENTS 2147483645
  PCTINCREASE 0 FREELISTS 1 FREELIST GROUPS 1
  BUFFER_POOL DEFAULT FLASH_CACHE DEFAULT CELL_FLASH_CACHE DEFAULT)
  TABLESPACE "USERS" ;
--------------------------------------------------------
--  DDL for Table ORDERS_STATUS
--------------------------------------------------------

  CREATE TABLE "LITTLE_ERP"."ORDERS_STATUS" 
   (	"REFORDER" NUMBER, 
	"CONFIRMED" NUMBER, 
	"LABELED" NUMBER, 
	"SENT" NUMBER, 
	"INVOICED" NUMBER
   ) SEGMENT CREATION IMMEDIATE 
  PCTFREE 10 PCTUSED 40 INITRANS 1 MAXTRANS 255 
 NOCOMPRESS LOGGING
  STORAGE(INITIAL 65536 NEXT 1048576 MINEXTENTS 1 MAXEXTENTS 2147483645
  PCTINCREASE 0 FREELISTS 1 FREELIST GROUPS 1
  BUFFER_POOL DEFAULT FLASH_CACHE DEFAULT CELL_FLASH_CACHE DEFAULT)
  TABLESPACE "USERS" ;
--------------------------------------------------------
--  DDL for Table ORDERSPRODUCTS
--------------------------------------------------------

  CREATE TABLE "LITTLE_ERP"."ORDERSPRODUCTS" 
   (	"IDORDERPRODUCT" NUMBER(*,0), 
	"REFORDER" NUMBER(*,0), 
	"REFPRODUCT" NUMBER(*,0), 
	"AMOUNT" NUMBER(*,0), 
	"PRICESALE" FLOAT(126)
   ) SEGMENT CREATION IMMEDIATE 
  PCTFREE 10 PCTUSED 0 INITRANS 1 MAXTRANS 255 
 NOCOMPRESS LOGGING
  STORAGE(INITIAL 65536 NEXT 1048576 MINEXTENTS 1 MAXEXTENTS 2147483645
  PCTINCREASE 0 FREELISTS 1 FREELIST GROUPS 1
  BUFFER_POOL DEFAULT FLASH_CACHE DEFAULT CELL_FLASH_CACHE DEFAULT)
  TABLESPACE "USERS" ;
--------------------------------------------------------
--  DDL for Table PAYMENTMETHODS
--------------------------------------------------------

  CREATE TABLE "LITTLE_ERP"."PAYMENTMETHODS" 
   (	"IDPAYMENTMETHOD" NUMBER, 
	"PAYMENTMETHOD" VARCHAR2(100 BYTE), 
	"DELETED" NUMBER
   ) SEGMENT CREATION IMMEDIATE 
  PCTFREE 10 PCTUSED 40 INITRANS 1 MAXTRANS 255 
 NOCOMPRESS LOGGING
  STORAGE(INITIAL 65536 NEXT 1048576 MINEXTENTS 1 MAXEXTENTS 2147483645
  PCTINCREASE 0 FREELISTS 1 FREELIST GROUPS 1
  BUFFER_POOL DEFAULT FLASH_CACHE DEFAULT CELL_FLASH_CACHE DEFAULT)
  TABLESPACE "USERS" ;
--------------------------------------------------------
--  DDL for Table PERMISSIONS
--------------------------------------------------------

  CREATE TABLE "LITTLE_ERP"."PERMISSIONS" 
   (	"IDPERMISSION" NUMBER, 
	"DESCRIPTION" VARCHAR2(20 BYTE)
   ) SEGMENT CREATION IMMEDIATE 
  PCTFREE 10 PCTUSED 40 INITRANS 1 MAXTRANS 255 
 NOCOMPRESS LOGGING
  STORAGE(INITIAL 65536 NEXT 1048576 MINEXTENTS 1 MAXEXTENTS 2147483645
  PCTINCREASE 0 FREELISTS 1 FREELIST GROUPS 1
  BUFFER_POOL DEFAULT FLASH_CACHE DEFAULT CELL_FLASH_CACHE DEFAULT)
  TABLESPACE "USERS" ;
--------------------------------------------------------
--  DDL for Table PRODUCTS
--------------------------------------------------------

  CREATE TABLE "LITTLE_ERP"."PRODUCTS" 
   (	"IDPRODUCT" NUMBER(*,0), 
	"IDSIZE" NUMBER, 
	"IDBRAND" NUMBER, 
	"PRICE" FLOAT(126), 
	"DELETED" NUMBER(*,0), 
	"NAME" VARCHAR2(20 BYTE), 
	"STOCK" NUMBER
   ) SEGMENT CREATION IMMEDIATE 
  PCTFREE 10 PCTUSED 0 INITRANS 1 MAXTRANS 255 
 NOCOMPRESS LOGGING
  STORAGE(INITIAL 65536 NEXT 1048576 MINEXTENTS 1 MAXEXTENTS 2147483645
  PCTINCREASE 0 FREELISTS 1 FREELIST GROUPS 1
  BUFFER_POOL DEFAULT FLASH_CACHE DEFAULT CELL_FLASH_CACHE DEFAULT)
  TABLESPACE "USERS" ;
--------------------------------------------------------
--  DDL for Table ROLES
--------------------------------------------------------

  CREATE TABLE "LITTLE_ERP"."ROLES" 
   (	"IDROLE" NUMBER, 
	"NAME" VARCHAR2(20 BYTE)
   ) SEGMENT CREATION IMMEDIATE 
  PCTFREE 10 PCTUSED 40 INITRANS 1 MAXTRANS 255 
 NOCOMPRESS LOGGING
  STORAGE(INITIAL 65536 NEXT 1048576 MINEXTENTS 1 MAXEXTENTS 2147483645
  PCTINCREASE 0 FREELISTS 1 FREELIST GROUPS 1
  BUFFER_POOL DEFAULT FLASH_CACHE DEFAULT CELL_FLASH_CACHE DEFAULT)
  TABLESPACE "USERS" ;
--------------------------------------------------------
--  DDL for Table ROLES_PERMISSIONS
--------------------------------------------------------

  CREATE TABLE "LITTLE_ERP"."ROLES_PERMISSIONS" 
   (	"IDPERMISSION" NUMBER, 
	"IDROLE" NUMBER, 
	"ID_ROLE_PERMISSION" NUMBER
   ) SEGMENT CREATION IMMEDIATE 
  PCTFREE 10 PCTUSED 40 INITRANS 1 MAXTRANS 255 
 NOCOMPRESS LOGGING
  STORAGE(INITIAL 65536 NEXT 1048576 MINEXTENTS 1 MAXEXTENTS 2147483645
  PCTINCREASE 0 FREELISTS 1 FREELIST GROUPS 1
  BUFFER_POOL DEFAULT FLASH_CACHE DEFAULT CELL_FLASH_CACHE DEFAULT)
  TABLESPACE "USERS" ;
--------------------------------------------------------
--  DDL for Table SIZES
--------------------------------------------------------

  CREATE TABLE "LITTLE_ERP"."SIZES" 
   (	"IDSIZE" NUMBER, 
	"DESCRIPTION" VARCHAR2(20 BYTE)
   ) SEGMENT CREATION IMMEDIATE 
  PCTFREE 10 PCTUSED 40 INITRANS 1 MAXTRANS 255 
 NOCOMPRESS LOGGING
  STORAGE(INITIAL 65536 NEXT 1048576 MINEXTENTS 1 MAXEXTENTS 2147483645
  PCTINCREASE 0 FREELISTS 1 FREELIST GROUPS 1
  BUFFER_POOL DEFAULT FLASH_CACHE DEFAULT CELL_FLASH_CACHE DEFAULT)
  TABLESPACE "USERS" ;
--------------------------------------------------------
--  DDL for Table USER_ROLES
--------------------------------------------------------

  CREATE TABLE "LITTLE_ERP"."USER_ROLES" 
   (	"IDROLE" NUMBER, 
	"IDUSER" NUMBER, 
	"ID_USER_ROLE" NUMBER
   ) SEGMENT CREATION IMMEDIATE 
  PCTFREE 10 PCTUSED 40 INITRANS 1 MAXTRANS 255 
 NOCOMPRESS LOGGING
  STORAGE(INITIAL 65536 NEXT 1048576 MINEXTENTS 1 MAXEXTENTS 2147483645
  PCTINCREASE 0 FREELISTS 1 FREELIST GROUPS 1
  BUFFER_POOL DEFAULT FLASH_CACHE DEFAULT CELL_FLASH_CACHE DEFAULT)
  TABLESPACE "USERS" ;
--------------------------------------------------------
--  DDL for Table USERS
--------------------------------------------------------

  CREATE TABLE "LITTLE_ERP"."USERS" 
   (	"IDUSER" NUMBER(*,0), 
	"NAME" VARCHAR2(20 BYTE), 
	"PASSWORD" VARCHAR2(64 BYTE), 
	"DELETED" NUMBER(1,0) DEFAULT 0, 
	"FIRSTSESSION" NUMBER DEFAULT 0
   ) SEGMENT CREATION IMMEDIATE 
  PCTFREE 10 PCTUSED 40 INITRANS 1 MAXTRANS 255 
 NOCOMPRESS LOGGING
  STORAGE(INITIAL 65536 NEXT 1048576 MINEXTENTS 1 MAXEXTENTS 2147483645
  PCTINCREASE 0 FREELISTS 1 FREELIST GROUPS 1
  BUFFER_POOL DEFAULT FLASH_CACHE DEFAULT CELL_FLASH_CACHE DEFAULT)
  TABLESPACE "USERS" ;
REM INSERTING into LITTLE_ERP.BRANDS
SET DEFINE OFF;
Insert into LITTLE_ERP.BRANDS (IDBRAND,BRAND) values ('1','KINGSTON');
Insert into LITTLE_ERP.BRANDS (IDBRAND,BRAND) values ('2','CRUCIAL');
Insert into LITTLE_ERP.BRANDS (IDBRAND,BRAND) values ('3','SANDISK');
Insert into LITTLE_ERP.BRANDS (IDBRAND,BRAND) values ('4','SAMSUNG');
Insert into LITTLE_ERP.BRANDS (IDBRAND,BRAND) values ('5','WD');
REM INSERTING into LITTLE_ERP.COUNTINVOICE
SET DEFINE OFF;
Insert into LITTLE_ERP.COUNTINVOICE (AGE,NUM) values ('2022','15');
REM INSERTING into LITTLE_ERP.CUSTOMERS
SET DEFINE OFF;
Insert into LITTLE_ERP.CUSTOMERS (IDCUSTOMER,NAME,SURNAME,ADDRESS,PHONE,EMAIL,DELETED,REFZIPCODESCITIES,NIF) values ('1','Javier','Moreno','C/TOLEDO','655777888','jav@gmail.com','0','30206','01112223J');
Insert into LITTLE_ERP.CUSTOMERS (IDCUSTOMER,NAME,SURNAME,ADDRESS,PHONE,EMAIL,DELETED,REFZIPCODESCITIES,NIF) values ('2','Abraham','Baos','C/AB','999882233','abr@gmail.com','0','2391','01122334L');
Insert into LITTLE_ERP.CUSTOMERS (IDCUSTOMER,NAME,SURNAME,ADDRESS,PHONE,EMAIL,DELETED,REFZIPCODESCITIES,NIF) values ('3','Alberto','VA','C/VA','999884562','abv@gmail.com','0','6000','01122335K');
REM INSERTING into LITTLE_ERP.GENERICPRODUCTS
SET DEFINE OFF;
Insert into LITTLE_ERP.GENERICPRODUCTS (IDORDERGENERIC,REFORDER,AMOUNT,PRICESALE,DESCRIPTION) values ('1','202202020001','3','100','Variedades');
Insert into LITTLE_ERP.GENERICPRODUCTS (IDORDERGENERIC,REFORDER,AMOUNT,PRICESALE,DESCRIPTION) values ('2','202202020002','4','100','Varios');
Insert into LITTLE_ERP.GENERICPRODUCTS (IDORDERGENERIC,REFORDER,AMOUNT,PRICESALE,DESCRIPTION) values ('6','202202120003','1','12','Instalacion');
Insert into LITTLE_ERP.GENERICPRODUCTS (IDORDERGENERIC,REFORDER,AMOUNT,PRICESALE,DESCRIPTION) values ('5','202202120001','1','10','Varios');
Insert into LITTLE_ERP.GENERICPRODUCTS (IDORDERGENERIC,REFORDER,AMOUNT,PRICESALE,DESCRIPTION) values ('4','202202100002','2','1000','More things');
Insert into LITTLE_ERP.GENERICPRODUCTS (IDORDERGENERIC,REFORDER,AMOUNT,PRICESALE,DESCRIPTION) values ('3','202202030001','2','12','Variedades');
REM INSERTING into LITTLE_ERP.INVOICES
SET DEFINE OFF;
Insert into LITTLE_ERP.INVOICES (IDINVOICE,DATETIME,ACCOUNTED,DELETED) values ('20220011',to_date('19/02/22','DD/MM/RR'),'0','-1');
Insert into LITTLE_ERP.INVOICES (IDINVOICE,DATETIME,ACCOUNTED,DELETED) values ('20220012',to_date('19/02/22','DD/MM/RR'),'-1','0');
Insert into LITTLE_ERP.INVOICES (IDINVOICE,DATETIME,ACCOUNTED,DELETED) values ('20220010',to_date('19/02/22','DD/MM/RR'),'0','-1');
Insert into LITTLE_ERP.INVOICES (IDINVOICE,DATETIME,ACCOUNTED,DELETED) values ('20220013',to_date('19/02/22','DD/MM/RR'),'-1','0');
Insert into LITTLE_ERP.INVOICES (IDINVOICE,DATETIME,ACCOUNTED,DELETED) values ('20220014',to_date('19/02/22','DD/MM/RR'),'0','0');
REM INSERTING into LITTLE_ERP.ORDER_INVOICE
SET DEFINE OFF;
Insert into LITTLE_ERP.ORDER_INVOICE (ID_ORDER_INVOICE,IDINVOICE,IDORDER) values ('3','20220012','202202120003');
Insert into LITTLE_ERP.ORDER_INVOICE (ID_ORDER_INVOICE,IDINVOICE,IDORDER) values ('4','20220013','202202120002');
Insert into LITTLE_ERP.ORDER_INVOICE (ID_ORDER_INVOICE,IDINVOICE,IDORDER) values ('1','20220010','202202160001');
Insert into LITTLE_ERP.ORDER_INVOICE (ID_ORDER_INVOICE,IDINVOICE,IDORDER) values ('2','20220011','202202160001');
Insert into LITTLE_ERP.ORDER_INVOICE (ID_ORDER_INVOICE,IDINVOICE,IDORDER) values ('5','20220014','202202120001');
REM INSERTING into LITTLE_ERP.ORDERS
SET DEFINE OFF;
Insert into LITTLE_ERP.ORDERS (IDORDER,REFCUSTOMER,REFUSER,DATETIME,REFPAYMENTMETHOD,TOTAL,PREPAID,DELETED) values ('202202020003','3','0',to_date('02/02/22','DD/MM/RR'),'1','600','0','0');
Insert into LITTLE_ERP.ORDERS (IDORDER,REFCUSTOMER,REFUSER,DATETIME,REFPAYMENTMETHOD,TOTAL,PREPAID,DELETED) values ('202202120002','3','0',to_date('12/02/22','DD/MM/RR'),'3','200','0','0');
Insert into LITTLE_ERP.ORDERS (IDORDER,REFCUSTOMER,REFUSER,DATETIME,REFPAYMENTMETHOD,TOTAL,PREPAID,DELETED) values ('202202020001','3','0',to_date('02/02/22','DD/MM/RR'),'2','350','0','0');
Insert into LITTLE_ERP.ORDERS (IDORDER,REFCUSTOMER,REFUSER,DATETIME,REFPAYMENTMETHOD,TOTAL,PREPAID,DELETED) values ('202202020002','2','0',to_date('02/02/22','DD/MM/RR'),'1','1380','0','0');
Insert into LITTLE_ERP.ORDERS (IDORDER,REFCUSTOMER,REFUSER,DATETIME,REFPAYMENTMETHOD,TOTAL,PREPAID,DELETED) values ('202202120003','1','0',to_date('12/02/22','DD/MM/RR'),'2','162','0','0');
Insert into LITTLE_ERP.ORDERS (IDORDER,REFCUSTOMER,REFUSER,DATETIME,REFPAYMENTMETHOD,TOTAL,PREPAID,DELETED) values ('202201290001','1','0',to_date('29/01/22','DD/MM/RR'),'1','100','0','-1');
Insert into LITTLE_ERP.ORDERS (IDORDER,REFCUSTOMER,REFUSER,DATETIME,REFPAYMENTMETHOD,TOTAL,PREPAID,DELETED) values ('202202120001','1','0',to_date('12/02/22','DD/MM/RR'),'3','250','0','0');
Insert into LITTLE_ERP.ORDERS (IDORDER,REFCUSTOMER,REFUSER,DATETIME,REFPAYMENTMETHOD,TOTAL,PREPAID,DELETED) values ('202202030001','1','0',to_date('03/02/22','DD/MM/RR'),'4','148','0','-1');
Insert into LITTLE_ERP.ORDERS (IDORDER,REFCUSTOMER,REFUSER,DATETIME,REFPAYMENTMETHOD,TOTAL,PREPAID,DELETED) values ('202202100001','2','0',to_date('10/02/22','DD/MM/RR'),'1','10','10','0');
Insert into LITTLE_ERP.ORDERS (IDORDER,REFCUSTOMER,REFUSER,DATETIME,REFPAYMENTMETHOD,TOTAL,PREPAID,DELETED) values ('202202100002','1','0',to_date('10/02/22','DD/MM/RR'),'4','2460','200','0');
Insert into LITTLE_ERP.ORDERS (IDORDER,REFCUSTOMER,REFUSER,DATETIME,REFPAYMENTMETHOD,TOTAL,PREPAID,DELETED) values ('202202160001','3','0',to_date('16/02/22','DD/MM/RR'),'1','165','0','-1');
REM INSERTING into LITTLE_ERP.ORDERS_STATUS
SET DEFINE OFF;
Insert into LITTLE_ERP.ORDERS_STATUS (REFORDER,CONFIRMED,LABELED,SENT,INVOICED) values ('202202020002','-1','-1','-1','0');
Insert into LITTLE_ERP.ORDERS_STATUS (REFORDER,CONFIRMED,LABELED,SENT,INVOICED) values ('202202020003','-1','-1','-1','0');
Insert into LITTLE_ERP.ORDERS_STATUS (REFORDER,CONFIRMED,LABELED,SENT,INVOICED) values ('202202020001','-1','-1','-1','0');
Insert into LITTLE_ERP.ORDERS_STATUS (REFORDER,CONFIRMED,LABELED,SENT,INVOICED) values ('202202120002','-1','-1','-1','-1');
Insert into LITTLE_ERP.ORDERS_STATUS (REFORDER,CONFIRMED,LABELED,SENT,INVOICED) values ('202202120003','-1','-1','-1','-1');
Insert into LITTLE_ERP.ORDERS_STATUS (REFORDER,CONFIRMED,LABELED,SENT,INVOICED) values ('202202120001','-1','-1','-1','-1');
Insert into LITTLE_ERP.ORDERS_STATUS (REFORDER,CONFIRMED,LABELED,SENT,INVOICED) values ('202201290001','-1','-1','-1','0');
Insert into LITTLE_ERP.ORDERS_STATUS (REFORDER,CONFIRMED,LABELED,SENT,INVOICED) values ('202202030001','0','0','0','0');
Insert into LITTLE_ERP.ORDERS_STATUS (REFORDER,CONFIRMED,LABELED,SENT,INVOICED) values ('202202100001','-1','-1','-1','0');
Insert into LITTLE_ERP.ORDERS_STATUS (REFORDER,CONFIRMED,LABELED,SENT,INVOICED) values ('202202100002','-1','-1','-1','0');
Insert into LITTLE_ERP.ORDERS_STATUS (REFORDER,CONFIRMED,LABELED,SENT,INVOICED) values ('202202160001','-1','-1','-1','-1');
REM INSERTING into LITTLE_ERP.ORDERSPRODUCTS
SET DEFINE OFF;
Insert into LITTLE_ERP.ORDERSPRODUCTS (IDORDERPRODUCT,REFORDER,REFPRODUCT,AMOUNT,PRICESALE) values ('4','202202020002','1','3','60');
Insert into LITTLE_ERP.ORDERSPRODUCTS (IDORDERPRODUCT,REFORDER,REFPRODUCT,AMOUNT,PRICESALE) values ('2','202202020001','3','1','50');
Insert into LITTLE_ERP.ORDERSPRODUCTS (IDORDERPRODUCT,REFORDER,REFPRODUCT,AMOUNT,PRICESALE) values ('3','202202020002','4','4','200');
Insert into LITTLE_ERP.ORDERSPRODUCTS (IDORDERPRODUCT,REFORDER,REFPRODUCT,AMOUNT,PRICESALE) values ('5','202202020003','4','3','200');
Insert into LITTLE_ERP.ORDERSPRODUCTS (IDORDERPRODUCT,REFORDER,REFPRODUCT,AMOUNT,PRICESALE) values ('12','202202120002','3','4','50');
Insert into LITTLE_ERP.ORDERSPRODUCTS (IDORDERPRODUCT,REFORDER,REFPRODUCT,AMOUNT,PRICESALE) values ('13','202202120003','3','3','50');
Insert into LITTLE_ERP.ORDERSPRODUCTS (IDORDERPRODUCT,REFORDER,REFPRODUCT,AMOUNT,PRICESALE) values ('11','202202120001','1','4','60');
Insert into LITTLE_ERP.ORDERSPRODUCTS (IDORDERPRODUCT,REFORDER,REFPRODUCT,AMOUNT,PRICESALE) values ('1','202201290001','2','13','144');
Insert into LITTLE_ERP.ORDERSPRODUCTS (IDORDERPRODUCT,REFORDER,REFPRODUCT,AMOUNT,PRICESALE) values ('8','202202100001','2','4','5');
Insert into LITTLE_ERP.ORDERSPRODUCTS (IDORDERPRODUCT,REFORDER,REFPRODUCT,AMOUNT,PRICESALE) values ('9','202202100002','1','1','60');
Insert into LITTLE_ERP.ORDERSPRODUCTS (IDORDERPRODUCT,REFORDER,REFPRODUCT,AMOUNT,PRICESALE) values ('6','202202030001','2','4','6');
Insert into LITTLE_ERP.ORDERSPRODUCTS (IDORDERPRODUCT,REFORDER,REFPRODUCT,AMOUNT,PRICESALE) values ('7','202202030001','3','2','50');
Insert into LITTLE_ERP.ORDERSPRODUCTS (IDORDERPRODUCT,REFORDER,REFPRODUCT,AMOUNT,PRICESALE) values ('10','202202100002','4','3','200');
Insert into LITTLE_ERP.ORDERSPRODUCTS (IDORDERPRODUCT,REFORDER,REFPRODUCT,AMOUNT,PRICESALE) values ('14','202202160001','3','3','50');
Insert into LITTLE_ERP.ORDERSPRODUCTS (IDORDERPRODUCT,REFORDER,REFPRODUCT,AMOUNT,PRICESALE) values ('15','202202160001','2','3','5');
REM INSERTING into LITTLE_ERP.PAYMENTMETHODS
SET DEFINE OFF;
Insert into LITTLE_ERP.PAYMENTMETHODS (IDPAYMENTMETHOD,PAYMENTMETHOD,DELETED) values ('1','BANK TRANSFER','0');
Insert into LITTLE_ERP.PAYMENTMETHODS (IDPAYMENTMETHOD,PAYMENTMETHOD,DELETED) values ('2','CASH ON DELIVERY','0');
Insert into LITTLE_ERP.PAYMENTMETHODS (IDPAYMENTMETHOD,PAYMENTMETHOD,DELETED) values ('3','PAYPAL','0');
Insert into LITTLE_ERP.PAYMENTMETHODS (IDPAYMENTMETHOD,PAYMENTMETHOD,DELETED) values ('4','BIZUM','0');
Insert into LITTLE_ERP.PAYMENTMETHODS (IDPAYMENTMETHOD,PAYMENTMETHOD,DELETED) values ('5','CREDIT CARD','0');
REM INSERTING into LITTLE_ERP.PERMISSIONS
SET DEFINE OFF;
Insert into LITTLE_ERP.PERMISSIONS (IDPERMISSION,DESCRIPTION) values ('10','Show_product');
Insert into LITTLE_ERP.PERMISSIONS (IDPERMISSION,DESCRIPTION) values ('11','Edit_product');
Insert into LITTLE_ERP.PERMISSIONS (IDPERMISSION,DESCRIPTION) values ('12','Add_product');
Insert into LITTLE_ERP.PERMISSIONS (IDPERMISSION,DESCRIPTION) values ('1','Show_User');
Insert into LITTLE_ERP.PERMISSIONS (IDPERMISSION,DESCRIPTION) values ('2','Edit_User');
Insert into LITTLE_ERP.PERMISSIONS (IDPERMISSION,DESCRIPTION) values ('3','Add_User');
Insert into LITTLE_ERP.PERMISSIONS (IDPERMISSION,DESCRIPTION) values ('4','Show_client');
Insert into LITTLE_ERP.PERMISSIONS (IDPERMISSION,DESCRIPTION) values ('6','Add_client');
Insert into LITTLE_ERP.PERMISSIONS (IDPERMISSION,DESCRIPTION) values ('5','Edit_client');
Insert into LITTLE_ERP.PERMISSIONS (IDPERMISSION,DESCRIPTION) values ('7','Add_role');
Insert into LITTLE_ERP.PERMISSIONS (IDPERMISSION,DESCRIPTION) values ('8','Edit_role');
Insert into LITTLE_ERP.PERMISSIONS (IDPERMISSION,DESCRIPTION) values ('9','Show_role');
Insert into LITTLE_ERP.PERMISSIONS (IDPERMISSION,DESCRIPTION) values ('16','Edit_labeled');
Insert into LITTLE_ERP.PERMISSIONS (IDPERMISSION,DESCRIPTION) values ('17','Edit_Sent');
Insert into LITTLE_ERP.PERMISSIONS (IDPERMISSION,DESCRIPTION) values ('18','Edit_Confirmed');
Insert into LITTLE_ERP.PERMISSIONS (IDPERMISSION,DESCRIPTION) values ('19','Edit_Invoiced');
Insert into LITTLE_ERP.PERMISSIONS (IDPERMISSION,DESCRIPTION) values ('13','Show_order');
Insert into LITTLE_ERP.PERMISSIONS (IDPERMISSION,DESCRIPTION) values ('14','Edit_order');
Insert into LITTLE_ERP.PERMISSIONS (IDPERMISSION,DESCRIPTION) values ('15','Add_order');
Insert into LITTLE_ERP.PERMISSIONS (IDPERMISSION,DESCRIPTION) values ('20','Show_Invoice');
Insert into LITTLE_ERP.PERMISSIONS (IDPERMISSION,DESCRIPTION) values ('21','Edit_Accounted');
REM INSERTING into LITTLE_ERP.PRODUCTS
SET DEFINE OFF;
Insert into LITTLE_ERP.PRODUCTS (IDPRODUCT,IDSIZE,IDBRAND,PRICE,DELETED,NAME,STOCK) values ('1','8','2','60','0','DISCO DURO 2.0','20');
Insert into LITTLE_ERP.PRODUCTS (IDPRODUCT,IDSIZE,IDBRAND,PRICE,DELETED,NAME,STOCK) values ('4','9','5','200','0','SSD M.2','20');
Insert into LITTLE_ERP.PRODUCTS (IDPRODUCT,IDSIZE,IDBRAND,PRICE,DELETED,NAME,STOCK) values ('2','1','1','5','0','PENDRIVE 3.0','17');
Insert into LITTLE_ERP.PRODUCTS (IDPRODUCT,IDSIZE,IDBRAND,PRICE,DELETED,NAME,STOCK) values ('3','7','3','50','0','SSD PORTABLE','17');
REM INSERTING into LITTLE_ERP.ROLES
SET DEFINE OFF;
Insert into LITTLE_ERP.ROLES (IDROLE,NAME) values ('1','Admin');
Insert into LITTLE_ERP.ROLES (IDROLE,NAME) values ('2','Administrative');
Insert into LITTLE_ERP.ROLES (IDROLE,NAME) values ('3','Employee');
Insert into LITTLE_ERP.ROLES (IDROLE,NAME) values ('4','Accountant');
REM INSERTING into LITTLE_ERP.ROLES_PERMISSIONS
SET DEFINE OFF;
Insert into LITTLE_ERP.ROLES_PERMISSIONS (IDPERMISSION,IDROLE,ID_ROLE_PERMISSION) values ('10','2','44');
Insert into LITTLE_ERP.ROLES_PERMISSIONS (IDPERMISSION,IDROLE,ID_ROLE_PERMISSION) values ('11','2','45');
Insert into LITTLE_ERP.ROLES_PERMISSIONS (IDPERMISSION,IDROLE,ID_ROLE_PERMISSION) values ('12','2','46');
Insert into LITTLE_ERP.ROLES_PERMISSIONS (IDPERMISSION,IDROLE,ID_ROLE_PERMISSION) values ('1','2','47');
Insert into LITTLE_ERP.ROLES_PERMISSIONS (IDPERMISSION,IDROLE,ID_ROLE_PERMISSION) values ('4','2','48');
Insert into LITTLE_ERP.ROLES_PERMISSIONS (IDPERMISSION,IDROLE,ID_ROLE_PERMISSION) values ('6','2','49');
Insert into LITTLE_ERP.ROLES_PERMISSIONS (IDPERMISSION,IDROLE,ID_ROLE_PERMISSION) values ('5','2','50');
Insert into LITTLE_ERP.ROLES_PERMISSIONS (IDPERMISSION,IDROLE,ID_ROLE_PERMISSION) values ('18','2','51');
Insert into LITTLE_ERP.ROLES_PERMISSIONS (IDPERMISSION,IDROLE,ID_ROLE_PERMISSION) values ('10','3','52');
Insert into LITTLE_ERP.ROLES_PERMISSIONS (IDPERMISSION,IDROLE,ID_ROLE_PERMISSION) values ('1','3','53');
Insert into LITTLE_ERP.ROLES_PERMISSIONS (IDPERMISSION,IDROLE,ID_ROLE_PERMISSION) values ('4','3','54');
Insert into LITTLE_ERP.ROLES_PERMISSIONS (IDPERMISSION,IDROLE,ID_ROLE_PERMISSION) values ('16','3','55');
Insert into LITTLE_ERP.ROLES_PERMISSIONS (IDPERMISSION,IDROLE,ID_ROLE_PERMISSION) values ('17','3','56');
Insert into LITTLE_ERP.ROLES_PERMISSIONS (IDPERMISSION,IDROLE,ID_ROLE_PERMISSION) values ('4','4','59');
Insert into LITTLE_ERP.ROLES_PERMISSIONS (IDPERMISSION,IDROLE,ID_ROLE_PERMISSION) values ('19','4','60');
Insert into LITTLE_ERP.ROLES_PERMISSIONS (IDPERMISSION,IDROLE,ID_ROLE_PERMISSION) values ('20','4','61');
Insert into LITTLE_ERP.ROLES_PERMISSIONS (IDPERMISSION,IDROLE,ID_ROLE_PERMISSION) values ('21','4','62');
Insert into LITTLE_ERP.ROLES_PERMISSIONS (IDPERMISSION,IDROLE,ID_ROLE_PERMISSION) values ('10','4','57');
Insert into LITTLE_ERP.ROLES_PERMISSIONS (IDPERMISSION,IDROLE,ID_ROLE_PERMISSION) values ('13','4','63');
Insert into LITTLE_ERP.ROLES_PERMISSIONS (IDPERMISSION,IDROLE,ID_ROLE_PERMISSION) values ('10','1','64');
Insert into LITTLE_ERP.ROLES_PERMISSIONS (IDPERMISSION,IDROLE,ID_ROLE_PERMISSION) values ('1','4','58');
Insert into LITTLE_ERP.ROLES_PERMISSIONS (IDPERMISSION,IDROLE,ID_ROLE_PERMISSION) values ('11','1','65');
Insert into LITTLE_ERP.ROLES_PERMISSIONS (IDPERMISSION,IDROLE,ID_ROLE_PERMISSION) values ('12','1','66');
Insert into LITTLE_ERP.ROLES_PERMISSIONS (IDPERMISSION,IDROLE,ID_ROLE_PERMISSION) values ('1','1','67');
Insert into LITTLE_ERP.ROLES_PERMISSIONS (IDPERMISSION,IDROLE,ID_ROLE_PERMISSION) values ('2','1','68');
Insert into LITTLE_ERP.ROLES_PERMISSIONS (IDPERMISSION,IDROLE,ID_ROLE_PERMISSION) values ('3','1','69');
Insert into LITTLE_ERP.ROLES_PERMISSIONS (IDPERMISSION,IDROLE,ID_ROLE_PERMISSION) values ('4','1','70');
Insert into LITTLE_ERP.ROLES_PERMISSIONS (IDPERMISSION,IDROLE,ID_ROLE_PERMISSION) values ('6','1','71');
Insert into LITTLE_ERP.ROLES_PERMISSIONS (IDPERMISSION,IDROLE,ID_ROLE_PERMISSION) values ('5','1','72');
Insert into LITTLE_ERP.ROLES_PERMISSIONS (IDPERMISSION,IDROLE,ID_ROLE_PERMISSION) values ('7','1','73');
Insert into LITTLE_ERP.ROLES_PERMISSIONS (IDPERMISSION,IDROLE,ID_ROLE_PERMISSION) values ('8','1','74');
Insert into LITTLE_ERP.ROLES_PERMISSIONS (IDPERMISSION,IDROLE,ID_ROLE_PERMISSION) values ('9','1','75');
Insert into LITTLE_ERP.ROLES_PERMISSIONS (IDPERMISSION,IDROLE,ID_ROLE_PERMISSION) values ('16','1','76');
Insert into LITTLE_ERP.ROLES_PERMISSIONS (IDPERMISSION,IDROLE,ID_ROLE_PERMISSION) values ('17','1','77');
Insert into LITTLE_ERP.ROLES_PERMISSIONS (IDPERMISSION,IDROLE,ID_ROLE_PERMISSION) values ('18','1','78');
Insert into LITTLE_ERP.ROLES_PERMISSIONS (IDPERMISSION,IDROLE,ID_ROLE_PERMISSION) values ('19','1','79');
Insert into LITTLE_ERP.ROLES_PERMISSIONS (IDPERMISSION,IDROLE,ID_ROLE_PERMISSION) values ('13','1','80');
Insert into LITTLE_ERP.ROLES_PERMISSIONS (IDPERMISSION,IDROLE,ID_ROLE_PERMISSION) values ('14','1','81');
Insert into LITTLE_ERP.ROLES_PERMISSIONS (IDPERMISSION,IDROLE,ID_ROLE_PERMISSION) values ('15','1','82');
Insert into LITTLE_ERP.ROLES_PERMISSIONS (IDPERMISSION,IDROLE,ID_ROLE_PERMISSION) values ('20','1','83');
Insert into LITTLE_ERP.ROLES_PERMISSIONS (IDPERMISSION,IDROLE,ID_ROLE_PERMISSION) values ('21','1','84');
REM INSERTING into LITTLE_ERP.SIZES
SET DEFINE OFF;
Insert into LITTLE_ERP.SIZES (IDSIZE,DESCRIPTION) values ('1','8GB');
Insert into LITTLE_ERP.SIZES (IDSIZE,DESCRIPTION) values ('2','16GB');
Insert into LITTLE_ERP.SIZES (IDSIZE,DESCRIPTION) values ('3','32GB');
Insert into LITTLE_ERP.SIZES (IDSIZE,DESCRIPTION) values ('4','64GB');
Insert into LITTLE_ERP.SIZES (IDSIZE,DESCRIPTION) values ('5','128GB');
Insert into LITTLE_ERP.SIZES (IDSIZE,DESCRIPTION) values ('6','256GB');
Insert into LITTLE_ERP.SIZES (IDSIZE,DESCRIPTION) values ('7','512GB');
Insert into LITTLE_ERP.SIZES (IDSIZE,DESCRIPTION) values ('8','1TB');
Insert into LITTLE_ERP.SIZES (IDSIZE,DESCRIPTION) values ('9','2TB');
REM INSERTING into LITTLE_ERP.USER_ROLES
SET DEFINE OFF;
Insert into LITTLE_ERP.USER_ROLES (IDROLE,IDUSER,ID_USER_ROLE) values ('1','1','8');
Insert into LITTLE_ERP.USER_ROLES (IDROLE,IDUSER,ID_USER_ROLE) values ('4','2','4');
Insert into LITTLE_ERP.USER_ROLES (IDROLE,IDUSER,ID_USER_ROLE) values ('2','3','9');
Insert into LITTLE_ERP.USER_ROLES (IDROLE,IDUSER,ID_USER_ROLE) values ('3','4','7');
REM INSERTING into LITTLE_ERP.USERS
SET DEFINE OFF;
Insert into LITTLE_ERP.USERS (IDUSER,NAME,PASSWORD,DELETED,FIRSTSESSION) values ('3','Juana','02af4b320c118ef5ce256dd427d182febdf758bf384799989aea0757548b702f','0','0');
Insert into LITTLE_ERP.USERS (IDUSER,NAME,PASSWORD,DELETED,FIRSTSESSION) values ('2','Pedro','a432d817e884eb8bd3953177b68c747b64d8d6a705b79787445750bf80fe55b6','0','0');
Insert into LITTLE_ERP.USERS (IDUSER,NAME,PASSWORD,DELETED,FIRSTSESSION) values ('1','Antonio','1f0ca711df81520887afe0dca099652a249e7eda60348be7327d432b02298652','0','0');
Insert into LITTLE_ERP.USERS (IDUSER,NAME,PASSWORD,DELETED,FIRSTSESSION) values ('4','Francisca','dacd674a6b15bcbac18b02b6fbf19be1c82437b83d0427c51763ca7f124b6d6a','0','0');
Insert into LITTLE_ERP.USERS (IDUSER,NAME,PASSWORD,DELETED,FIRSTSESSION) values ('0','root','4813494d137e1631bba301d5acab6e7bb7aa74ce1185d456565ef51d737677b2','0','0');
--------------------------------------------------------
--  DDL for Index BRANDS_PK
--------------------------------------------------------

  CREATE UNIQUE INDEX "LITTLE_ERP"."BRANDS_PK" ON "LITTLE_ERP"."BRANDS" ("IDBRAND") 
  PCTFREE 10 INITRANS 2 MAXTRANS 255 COMPUTE STATISTICS 
  STORAGE(INITIAL 65536 NEXT 1048576 MINEXTENTS 1 MAXEXTENTS 2147483645
  PCTINCREASE 0 FREELISTS 1 FREELIST GROUPS 1
  BUFFER_POOL DEFAULT FLASH_CACHE DEFAULT CELL_FLASH_CACHE DEFAULT)
  TABLESPACE "USERS" ;
--------------------------------------------------------
--  DDL for Index CUSTOMERS_PK
--------------------------------------------------------

  CREATE UNIQUE INDEX "LITTLE_ERP"."CUSTOMERS_PK" ON "LITTLE_ERP"."CUSTOMERS" ("IDCUSTOMER") 
  PCTFREE 10 INITRANS 2 MAXTRANS 255 COMPUTE STATISTICS 
  STORAGE(INITIAL 65536 NEXT 1048576 MINEXTENTS 1 MAXEXTENTS 2147483645
  PCTINCREASE 0 FREELISTS 1 FREELIST GROUPS 1
  BUFFER_POOL DEFAULT FLASH_CACHE DEFAULT CELL_FLASH_CACHE DEFAULT)
  TABLESPACE "USERS" ;
--------------------------------------------------------
--  DDL for Index GENERICPRODUCTS_PK
--------------------------------------------------------

  CREATE UNIQUE INDEX "LITTLE_ERP"."GENERICPRODUCTS_PK" ON "LITTLE_ERP"."GENERICPRODUCTS" ("IDORDERGENERIC") 
  PCTFREE 10 INITRANS 2 MAXTRANS 255 COMPUTE STATISTICS 
  STORAGE(INITIAL 65536 NEXT 1048576 MINEXTENTS 1 MAXEXTENTS 2147483645
  PCTINCREASE 0 FREELISTS 1 FREELIST GROUPS 1
  BUFFER_POOL DEFAULT FLASH_CACHE DEFAULT CELL_FLASH_CACHE DEFAULT)
  TABLESPACE "USERS" ;
--------------------------------------------------------
--  DDL for Index INVOICE_PK
--------------------------------------------------------

  CREATE UNIQUE INDEX "LITTLE_ERP"."INVOICE_PK" ON "LITTLE_ERP"."INVOICES" ("IDINVOICE") 
  PCTFREE 10 INITRANS 2 MAXTRANS 255 COMPUTE STATISTICS 
  STORAGE(INITIAL 65536 NEXT 1048576 MINEXTENTS 1 MAXEXTENTS 2147483645
  PCTINCREASE 0 FREELISTS 1 FREELIST GROUPS 1
  BUFFER_POOL DEFAULT FLASH_CACHE DEFAULT CELL_FLASH_CACHE DEFAULT)
  TABLESPACE "USERS" ;
--------------------------------------------------------
--  DDL for Index ORDER_INVOICE_PK
--------------------------------------------------------

  CREATE UNIQUE INDEX "LITTLE_ERP"."ORDER_INVOICE_PK" ON "LITTLE_ERP"."ORDER_INVOICE" ("ID_ORDER_INVOICE") 
  PCTFREE 10 INITRANS 2 MAXTRANS 255 COMPUTE STATISTICS 
  STORAGE(INITIAL 65536 NEXT 1048576 MINEXTENTS 1 MAXEXTENTS 2147483645
  PCTINCREASE 0 FREELISTS 1 FREELIST GROUPS 1
  BUFFER_POOL DEFAULT FLASH_CACHE DEFAULT CELL_FLASH_CACHE DEFAULT)
  TABLESPACE "USERS" ;
--------------------------------------------------------
--  DDL for Index ORDERS_PK
--------------------------------------------------------

  CREATE UNIQUE INDEX "LITTLE_ERP"."ORDERS_PK" ON "LITTLE_ERP"."ORDERS" ("IDORDER") 
  PCTFREE 10 INITRANS 2 MAXTRANS 255 COMPUTE STATISTICS 
  STORAGE(INITIAL 65536 NEXT 1048576 MINEXTENTS 1 MAXEXTENTS 2147483645
  PCTINCREASE 0 FREELISTS 1 FREELIST GROUPS 1
  BUFFER_POOL DEFAULT FLASH_CACHE DEFAULT CELL_FLASH_CACHE DEFAULT)
  TABLESPACE "USERS" ;
--------------------------------------------------------
--  DDL for Index ORDERSPRODUCTS_PK
--------------------------------------------------------

  CREATE UNIQUE INDEX "LITTLE_ERP"."ORDERSPRODUCTS_PK" ON "LITTLE_ERP"."ORDERSPRODUCTS" ("IDORDERPRODUCT") 
  PCTFREE 10 INITRANS 2 MAXTRANS 255 COMPUTE STATISTICS 
  STORAGE(INITIAL 65536 NEXT 1048576 MINEXTENTS 1 MAXEXTENTS 2147483645
  PCTINCREASE 0 FREELISTS 1 FREELIST GROUPS 1
  BUFFER_POOL DEFAULT FLASH_CACHE DEFAULT CELL_FLASH_CACHE DEFAULT)
  TABLESPACE "USERS" ;
--------------------------------------------------------
--  DDL for Index PAYMENTMETHODS_PK
--------------------------------------------------------

  CREATE UNIQUE INDEX "LITTLE_ERP"."PAYMENTMETHODS_PK" ON "LITTLE_ERP"."PAYMENTMETHODS" ("IDPAYMENTMETHOD") 
  PCTFREE 10 INITRANS 2 MAXTRANS 255 COMPUTE STATISTICS 
  STORAGE(INITIAL 65536 NEXT 1048576 MINEXTENTS 1 MAXEXTENTS 2147483645
  PCTINCREASE 0 FREELISTS 1 FREELIST GROUPS 1
  BUFFER_POOL DEFAULT FLASH_CACHE DEFAULT CELL_FLASH_CACHE DEFAULT)
  TABLESPACE "USERS" ;
--------------------------------------------------------
--  DDL for Index PERMISSIONS_PK
--------------------------------------------------------

  CREATE UNIQUE INDEX "LITTLE_ERP"."PERMISSIONS_PK" ON "LITTLE_ERP"."PERMISSIONS" ("IDPERMISSION") 
  PCTFREE 10 INITRANS 2 MAXTRANS 255 COMPUTE STATISTICS 
  STORAGE(INITIAL 65536 NEXT 1048576 MINEXTENTS 1 MAXEXTENTS 2147483645
  PCTINCREASE 0 FREELISTS 1 FREELIST GROUPS 1
  BUFFER_POOL DEFAULT FLASH_CACHE DEFAULT CELL_FLASH_CACHE DEFAULT)
  TABLESPACE "USERS" ;
--------------------------------------------------------
--  DDL for Index PRODUCTS_PK
--------------------------------------------------------

  CREATE UNIQUE INDEX "LITTLE_ERP"."PRODUCTS_PK" ON "LITTLE_ERP"."PRODUCTS" ("IDPRODUCT") 
  PCTFREE 10 INITRANS 2 MAXTRANS 255 COMPUTE STATISTICS 
  STORAGE(INITIAL 65536 NEXT 1048576 MINEXTENTS 1 MAXEXTENTS 2147483645
  PCTINCREASE 0 FREELISTS 1 FREELIST GROUPS 1
  BUFFER_POOL DEFAULT FLASH_CACHE DEFAULT CELL_FLASH_CACHE DEFAULT)
  TABLESPACE "USERS" ;
--------------------------------------------------------
--  DDL for Index ROLES_PK
--------------------------------------------------------

  CREATE UNIQUE INDEX "LITTLE_ERP"."ROLES_PK" ON "LITTLE_ERP"."ROLES" ("IDROLE") 
  PCTFREE 10 INITRANS 2 MAXTRANS 255 COMPUTE STATISTICS 
  STORAGE(INITIAL 65536 NEXT 1048576 MINEXTENTS 1 MAXEXTENTS 2147483645
  PCTINCREASE 0 FREELISTS 1 FREELIST GROUPS 1
  BUFFER_POOL DEFAULT FLASH_CACHE DEFAULT CELL_FLASH_CACHE DEFAULT)
  TABLESPACE "USERS" ;
--------------------------------------------------------
--  DDL for Index ROLES_PERMISSIONS_PK
--------------------------------------------------------

  CREATE UNIQUE INDEX "LITTLE_ERP"."ROLES_PERMISSIONS_PK" ON "LITTLE_ERP"."ROLES_PERMISSIONS" ("ID_ROLE_PERMISSION") 
  PCTFREE 10 INITRANS 2 MAXTRANS 255 COMPUTE STATISTICS 
  STORAGE(INITIAL 65536 NEXT 1048576 MINEXTENTS 1 MAXEXTENTS 2147483645
  PCTINCREASE 0 FREELISTS 1 FREELIST GROUPS 1
  BUFFER_POOL DEFAULT FLASH_CACHE DEFAULT CELL_FLASH_CACHE DEFAULT)
  TABLESPACE "USERS" ;
--------------------------------------------------------
--  DDL for Index SIZES_PK
--------------------------------------------------------

  CREATE UNIQUE INDEX "LITTLE_ERP"."SIZES_PK" ON "LITTLE_ERP"."SIZES" ("IDSIZE") 
  PCTFREE 10 INITRANS 2 MAXTRANS 255 COMPUTE STATISTICS 
  STORAGE(INITIAL 65536 NEXT 1048576 MINEXTENTS 1 MAXEXTENTS 2147483645
  PCTINCREASE 0 FREELISTS 1 FREELIST GROUPS 1
  BUFFER_POOL DEFAULT FLASH_CACHE DEFAULT CELL_FLASH_CACHE DEFAULT)
  TABLESPACE "USERS" ;
--------------------------------------------------------
--  DDL for Index USER_ROLES_PK1
--------------------------------------------------------

  CREATE UNIQUE INDEX "LITTLE_ERP"."USER_ROLES_PK1" ON "LITTLE_ERP"."USER_ROLES" ("ID_USER_ROLE") 
  PCTFREE 10 INITRANS 2 MAXTRANS 255 COMPUTE STATISTICS 
  STORAGE(INITIAL 65536 NEXT 1048576 MINEXTENTS 1 MAXEXTENTS 2147483645
  PCTINCREASE 0 FREELISTS 1 FREELIST GROUPS 1
  BUFFER_POOL DEFAULT FLASH_CACHE DEFAULT CELL_FLASH_CACHE DEFAULT)
  TABLESPACE "USERS" ;
--------------------------------------------------------
--  DDL for Index USERS_PK
--------------------------------------------------------

  CREATE UNIQUE INDEX "LITTLE_ERP"."USERS_PK" ON "LITTLE_ERP"."USERS" ("IDUSER") 
  PCTFREE 10 INITRANS 2 MAXTRANS 255 COMPUTE STATISTICS 
  STORAGE(INITIAL 65536 NEXT 1048576 MINEXTENTS 1 MAXEXTENTS 2147483645
  PCTINCREASE 0 FREELISTS 1 FREELIST GROUPS 1
  BUFFER_POOL DEFAULT FLASH_CACHE DEFAULT CELL_FLASH_CACHE DEFAULT)
  TABLESPACE "USERS" ;
--------------------------------------------------------
--  Constraints for Table BRANDS
--------------------------------------------------------

  ALTER TABLE "LITTLE_ERP"."BRANDS" MODIFY ("IDBRAND" NOT NULL ENABLE);
  ALTER TABLE "LITTLE_ERP"."BRANDS" ADD CONSTRAINT "BRANDS_PK" PRIMARY KEY ("IDBRAND")
  USING INDEX PCTFREE 10 INITRANS 2 MAXTRANS 255 COMPUTE STATISTICS 
  STORAGE(INITIAL 65536 NEXT 1048576 MINEXTENTS 1 MAXEXTENTS 2147483645
  PCTINCREASE 0 FREELISTS 1 FREELIST GROUPS 1
  BUFFER_POOL DEFAULT FLASH_CACHE DEFAULT CELL_FLASH_CACHE DEFAULT)
  TABLESPACE "USERS"  ENABLE;
--------------------------------------------------------
--  Constraints for Table CUSTOMERS
--------------------------------------------------------

  ALTER TABLE "LITTLE_ERP"."CUSTOMERS" ADD CONSTRAINT "CUSTOMERS_PK" PRIMARY KEY ("IDCUSTOMER")
  USING INDEX PCTFREE 10 INITRANS 2 MAXTRANS 255 COMPUTE STATISTICS 
  STORAGE(INITIAL 65536 NEXT 1048576 MINEXTENTS 1 MAXEXTENTS 2147483645
  PCTINCREASE 0 FREELISTS 1 FREELIST GROUPS 1
  BUFFER_POOL DEFAULT FLASH_CACHE DEFAULT CELL_FLASH_CACHE DEFAULT)
  TABLESPACE "USERS"  ENABLE;
--------------------------------------------------------
--  Constraints for Table GENERICPRODUCTS
--------------------------------------------------------

  ALTER TABLE "LITTLE_ERP"."GENERICPRODUCTS" MODIFY ("IDORDERGENERIC" NOT NULL ENABLE);
  ALTER TABLE "LITTLE_ERP"."GENERICPRODUCTS" MODIFY ("REFORDER" NOT NULL ENABLE);
  ALTER TABLE "LITTLE_ERP"."GENERICPRODUCTS" ADD CONSTRAINT "GENERICPRODUCTS_PK" PRIMARY KEY ("IDORDERGENERIC")
  USING INDEX PCTFREE 10 INITRANS 2 MAXTRANS 255 COMPUTE STATISTICS 
  STORAGE(INITIAL 65536 NEXT 1048576 MINEXTENTS 1 MAXEXTENTS 2147483645
  PCTINCREASE 0 FREELISTS 1 FREELIST GROUPS 1
  BUFFER_POOL DEFAULT FLASH_CACHE DEFAULT CELL_FLASH_CACHE DEFAULT)
  TABLESPACE "USERS"  ENABLE;
--------------------------------------------------------
--  Constraints for Table INVOICES
--------------------------------------------------------

  ALTER TABLE "LITTLE_ERP"."INVOICES" MODIFY ("IDINVOICE" NOT NULL ENABLE);
  ALTER TABLE "LITTLE_ERP"."INVOICES" ADD CONSTRAINT "INVOICE_PK" PRIMARY KEY ("IDINVOICE")
  USING INDEX PCTFREE 10 INITRANS 2 MAXTRANS 255 COMPUTE STATISTICS 
  STORAGE(INITIAL 65536 NEXT 1048576 MINEXTENTS 1 MAXEXTENTS 2147483645
  PCTINCREASE 0 FREELISTS 1 FREELIST GROUPS 1
  BUFFER_POOL DEFAULT FLASH_CACHE DEFAULT CELL_FLASH_CACHE DEFAULT)
  TABLESPACE "USERS"  ENABLE;
--------------------------------------------------------
--  Constraints for Table ORDER_INVOICE
--------------------------------------------------------

  ALTER TABLE "LITTLE_ERP"."ORDER_INVOICE" MODIFY ("ID_ORDER_INVOICE" NOT NULL ENABLE);
  ALTER TABLE "LITTLE_ERP"."ORDER_INVOICE" ADD CONSTRAINT "ORDER_INVOICE_PK" PRIMARY KEY ("ID_ORDER_INVOICE")
  USING INDEX PCTFREE 10 INITRANS 2 MAXTRANS 255 COMPUTE STATISTICS 
  STORAGE(INITIAL 65536 NEXT 1048576 MINEXTENTS 1 MAXEXTENTS 2147483645
  PCTINCREASE 0 FREELISTS 1 FREELIST GROUPS 1
  BUFFER_POOL DEFAULT FLASH_CACHE DEFAULT CELL_FLASH_CACHE DEFAULT)
  TABLESPACE "USERS"  ENABLE;
--------------------------------------------------------
--  Constraints for Table ORDERS
--------------------------------------------------------

  ALTER TABLE "LITTLE_ERP"."ORDERS" ADD CONSTRAINT "ORDERS_PK" PRIMARY KEY ("IDORDER")
  USING INDEX PCTFREE 10 INITRANS 2 MAXTRANS 255 COMPUTE STATISTICS 
  STORAGE(INITIAL 65536 NEXT 1048576 MINEXTENTS 1 MAXEXTENTS 2147483645
  PCTINCREASE 0 FREELISTS 1 FREELIST GROUPS 1
  BUFFER_POOL DEFAULT FLASH_CACHE DEFAULT CELL_FLASH_CACHE DEFAULT)
  TABLESPACE "USERS"  ENABLE;
--------------------------------------------------------
--  Constraints for Table ORDERS_STATUS
--------------------------------------------------------

  ALTER TABLE "LITTLE_ERP"."ORDERS_STATUS" MODIFY ("REFORDER" NOT NULL ENABLE);
--------------------------------------------------------
--  Constraints for Table ORDERSPRODUCTS
--------------------------------------------------------

  ALTER TABLE "LITTLE_ERP"."ORDERSPRODUCTS" ADD CONSTRAINT "ORDERSPRODUCTS_PK" PRIMARY KEY ("IDORDERPRODUCT")
  USING INDEX PCTFREE 10 INITRANS 2 MAXTRANS 255 COMPUTE STATISTICS 
  STORAGE(INITIAL 65536 NEXT 1048576 MINEXTENTS 1 MAXEXTENTS 2147483645
  PCTINCREASE 0 FREELISTS 1 FREELIST GROUPS 1
  BUFFER_POOL DEFAULT FLASH_CACHE DEFAULT CELL_FLASH_CACHE DEFAULT)
  TABLESPACE "USERS"  ENABLE;
--------------------------------------------------------
--  Constraints for Table PAYMENTMETHODS
--------------------------------------------------------

  ALTER TABLE "LITTLE_ERP"."PAYMENTMETHODS" ADD CONSTRAINT "PAYMENTMETHODS_PK" PRIMARY KEY ("IDPAYMENTMETHOD")
  USING INDEX PCTFREE 10 INITRANS 2 MAXTRANS 255 COMPUTE STATISTICS 
  STORAGE(INITIAL 65536 NEXT 1048576 MINEXTENTS 1 MAXEXTENTS 2147483645
  PCTINCREASE 0 FREELISTS 1 FREELIST GROUPS 1
  BUFFER_POOL DEFAULT FLASH_CACHE DEFAULT CELL_FLASH_CACHE DEFAULT)
  TABLESPACE "USERS"  ENABLE;
  ALTER TABLE "LITTLE_ERP"."PAYMENTMETHODS" MODIFY ("IDPAYMENTMETHOD" NOT NULL ENABLE);
--------------------------------------------------------
--  Constraints for Table PERMISSIONS
--------------------------------------------------------

  ALTER TABLE "LITTLE_ERP"."PERMISSIONS" MODIFY ("IDPERMISSION" NOT NULL ENABLE);
  ALTER TABLE "LITTLE_ERP"."PERMISSIONS" ADD CONSTRAINT "PERMISSIONS_PK" PRIMARY KEY ("IDPERMISSION")
  USING INDEX PCTFREE 10 INITRANS 2 MAXTRANS 255 COMPUTE STATISTICS 
  STORAGE(INITIAL 65536 NEXT 1048576 MINEXTENTS 1 MAXEXTENTS 2147483645
  PCTINCREASE 0 FREELISTS 1 FREELIST GROUPS 1
  BUFFER_POOL DEFAULT FLASH_CACHE DEFAULT CELL_FLASH_CACHE DEFAULT)
  TABLESPACE "USERS"  ENABLE;
--------------------------------------------------------
--  Constraints for Table PRODUCTS
--------------------------------------------------------

  ALTER TABLE "LITTLE_ERP"."PRODUCTS" ADD CONSTRAINT "PRODUCTS_PK" PRIMARY KEY ("IDPRODUCT")
  USING INDEX PCTFREE 10 INITRANS 2 MAXTRANS 255 COMPUTE STATISTICS 
  STORAGE(INITIAL 65536 NEXT 1048576 MINEXTENTS 1 MAXEXTENTS 2147483645
  PCTINCREASE 0 FREELISTS 1 FREELIST GROUPS 1
  BUFFER_POOL DEFAULT FLASH_CACHE DEFAULT CELL_FLASH_CACHE DEFAULT)
  TABLESPACE "USERS"  ENABLE;
  ALTER TABLE "LITTLE_ERP"."PRODUCTS" MODIFY ("PRICE" NOT NULL ENABLE);
  ALTER TABLE "LITTLE_ERP"."PRODUCTS" MODIFY ("IDPRODUCT" NOT NULL ENABLE);
  ALTER TABLE "LITTLE_ERP"."PRODUCTS" MODIFY ("IDSIZE" NOT NULL ENABLE);
  ALTER TABLE "LITTLE_ERP"."PRODUCTS" MODIFY ("IDBRAND" NOT NULL ENABLE);
  ALTER TABLE "LITTLE_ERP"."PRODUCTS" MODIFY ("DELETED" NOT NULL ENABLE);
  ALTER TABLE "LITTLE_ERP"."PRODUCTS" MODIFY ("NAME" NOT NULL ENABLE);
--------------------------------------------------------
--  Constraints for Table ROLES
--------------------------------------------------------

  ALTER TABLE "LITTLE_ERP"."ROLES" MODIFY ("IDROLE" NOT NULL ENABLE);
  ALTER TABLE "LITTLE_ERP"."ROLES" ADD CONSTRAINT "ROLES_PK" PRIMARY KEY ("IDROLE")
  USING INDEX PCTFREE 10 INITRANS 2 MAXTRANS 255 COMPUTE STATISTICS 
  STORAGE(INITIAL 65536 NEXT 1048576 MINEXTENTS 1 MAXEXTENTS 2147483645
  PCTINCREASE 0 FREELISTS 1 FREELIST GROUPS 1
  BUFFER_POOL DEFAULT FLASH_CACHE DEFAULT CELL_FLASH_CACHE DEFAULT)
  TABLESPACE "USERS"  ENABLE;
--------------------------------------------------------
--  Constraints for Table ROLES_PERMISSIONS
--------------------------------------------------------

  ALTER TABLE "LITTLE_ERP"."ROLES_PERMISSIONS" MODIFY ("IDPERMISSION" NOT NULL ENABLE);
  ALTER TABLE "LITTLE_ERP"."ROLES_PERMISSIONS" MODIFY ("IDROLE" NOT NULL ENABLE);
  ALTER TABLE "LITTLE_ERP"."ROLES_PERMISSIONS" MODIFY ("ID_ROLE_PERMISSION" NOT NULL ENABLE);
  ALTER TABLE "LITTLE_ERP"."ROLES_PERMISSIONS" ADD CONSTRAINT "ROLES_PERMISSIONS_PK" PRIMARY KEY ("ID_ROLE_PERMISSION")
  USING INDEX PCTFREE 10 INITRANS 2 MAXTRANS 255 COMPUTE STATISTICS 
  STORAGE(INITIAL 65536 NEXT 1048576 MINEXTENTS 1 MAXEXTENTS 2147483645
  PCTINCREASE 0 FREELISTS 1 FREELIST GROUPS 1
  BUFFER_POOL DEFAULT FLASH_CACHE DEFAULT CELL_FLASH_CACHE DEFAULT)
  TABLESPACE "USERS"  ENABLE;
--------------------------------------------------------
--  Constraints for Table SIZES
--------------------------------------------------------

  ALTER TABLE "LITTLE_ERP"."SIZES" MODIFY ("IDSIZE" NOT NULL ENABLE);
  ALTER TABLE "LITTLE_ERP"."SIZES" ADD CONSTRAINT "SIZES_PK" PRIMARY KEY ("IDSIZE")
  USING INDEX PCTFREE 10 INITRANS 2 MAXTRANS 255 COMPUTE STATISTICS 
  STORAGE(INITIAL 65536 NEXT 1048576 MINEXTENTS 1 MAXEXTENTS 2147483645
  PCTINCREASE 0 FREELISTS 1 FREELIST GROUPS 1
  BUFFER_POOL DEFAULT FLASH_CACHE DEFAULT CELL_FLASH_CACHE DEFAULT)
  TABLESPACE "USERS"  ENABLE;
--------------------------------------------------------
--  Constraints for Table USER_ROLES
--------------------------------------------------------

  ALTER TABLE "LITTLE_ERP"."USER_ROLES" MODIFY ("IDROLE" NOT NULL ENABLE);
  ALTER TABLE "LITTLE_ERP"."USER_ROLES" MODIFY ("IDUSER" NOT NULL ENABLE);
  ALTER TABLE "LITTLE_ERP"."USER_ROLES" MODIFY ("ID_USER_ROLE" NOT NULL ENABLE);
--------------------------------------------------------
--  Constraints for Table USERS
--------------------------------------------------------

  ALTER TABLE "LITTLE_ERP"."USERS" MODIFY ("FIRSTSESSION" NOT NULL ENABLE);
  ALTER TABLE "LITTLE_ERP"."USERS" MODIFY ("NAME" NOT NULL ENABLE);
  ALTER TABLE "LITTLE_ERP"."USERS" MODIFY ("PASSWORD" NOT NULL ENABLE);
  ALTER TABLE "LITTLE_ERP"."USERS" MODIFY ("IDUSER" NOT NULL ENABLE);
  ALTER TABLE "LITTLE_ERP"."USERS" ADD CONSTRAINT "USERS_PK" PRIMARY KEY ("IDUSER")
  USING INDEX PCTFREE 10 INITRANS 2 MAXTRANS 255 COMPUTE STATISTICS 
  STORAGE(INITIAL 65536 NEXT 1048576 MINEXTENTS 1 MAXEXTENTS 2147483645
  PCTINCREASE 0 FREELISTS 1 FREELIST GROUPS 1
  BUFFER_POOL DEFAULT FLASH_CACHE DEFAULT CELL_FLASH_CACHE DEFAULT)
  TABLESPACE "USERS"  ENABLE;
  ALTER TABLE "LITTLE_ERP"."USERS" MODIFY ("DELETED" NOT NULL ENABLE);
--------------------------------------------------------
--  Ref Constraints for Table CUSTOMERS
--------------------------------------------------------

  ALTER TABLE "LITTLE_ERP"."CUSTOMERS" ADD CONSTRAINT "FOREIGN_ZIPCODESCITIES" FOREIGN KEY ("REFZIPCODESCITIES")
	  REFERENCES "LITTLE_ERP"."ZIPCODESCITIES" ("IDZIPCODESCITIES") ENABLE;
--------------------------------------------------------
--  Ref Constraints for Table ORDER_INVOICE
--------------------------------------------------------

  ALTER TABLE "LITTLE_ERP"."ORDER_INVOICE" ADD CONSTRAINT "ORDER_INVOICE_FK1" FOREIGN KEY ("IDORDER")
	  REFERENCES "LITTLE_ERP"."ORDERS" ("IDORDER") ENABLE;
  ALTER TABLE "LITTLE_ERP"."ORDER_INVOICE" ADD CONSTRAINT "ORDER_INVOICE_FK2" FOREIGN KEY ("IDINVOICE")
	  REFERENCES "LITTLE_ERP"."INVOICES" ("IDINVOICE") ENABLE;
--------------------------------------------------------
--  Ref Constraints for Table ORDERS
--------------------------------------------------------

  ALTER TABLE "LITTLE_ERP"."ORDERS" ADD CONSTRAINT "FOREIGN_CUSTOMER" FOREIGN KEY ("REFCUSTOMER")
	  REFERENCES "LITTLE_ERP"."CUSTOMERS" ("IDCUSTOMER") ENABLE;
  ALTER TABLE "LITTLE_ERP"."ORDERS" ADD CONSTRAINT "FOREIGN_PAYMENTMETHODS" FOREIGN KEY ("REFPAYMENTMETHOD")
	  REFERENCES "LITTLE_ERP"."PAYMENTMETHODS" ("IDPAYMENTMETHOD") ENABLE;
--------------------------------------------------------
--  Ref Constraints for Table ORDERS_STATUS
--------------------------------------------------------

  ALTER TABLE "LITTLE_ERP"."ORDERS_STATUS" ADD CONSTRAINT "ORDERS_STATUS_FK1" FOREIGN KEY ("REFORDER")
	  REFERENCES "LITTLE_ERP"."ORDERS" ("IDORDER") ENABLE;
--------------------------------------------------------
--  Ref Constraints for Table ORDERSPRODUCTS
--------------------------------------------------------

  ALTER TABLE "LITTLE_ERP"."ORDERSPRODUCTS" ADD CONSTRAINT "FOREIGN_ORDERS" FOREIGN KEY ("REFORDER")
	  REFERENCES "LITTLE_ERP"."ORDERS" ("IDORDER") ENABLE;
  ALTER TABLE "LITTLE_ERP"."ORDERSPRODUCTS" ADD CONSTRAINT "FOREIGN_PRODUCTS" FOREIGN KEY ("REFPRODUCT")
	  REFERENCES "LITTLE_ERP"."PRODUCTS" ("IDPRODUCT") ENABLE;
--------------------------------------------------------
--  Ref Constraints for Table PRODUCTS
--------------------------------------------------------

  ALTER TABLE "LITTLE_ERP"."PRODUCTS" ADD CONSTRAINT "PRODUCTS_FK1" FOREIGN KEY ("IDBRAND")
	  REFERENCES "LITTLE_ERP"."BRANDS" ("IDBRAND") ENABLE;
  ALTER TABLE "LITTLE_ERP"."PRODUCTS" ADD CONSTRAINT "PRODUCTS_FK2" FOREIGN KEY ("IDSIZE")
	  REFERENCES "LITTLE_ERP"."SIZES" ("IDSIZE") ENABLE;
--------------------------------------------------------
--  Ref Constraints for Table ROLES_PERMISSIONS
--------------------------------------------------------

  ALTER TABLE "LITTLE_ERP"."ROLES_PERMISSIONS" ADD CONSTRAINT "ROL_PERMISSIONS_FK1" FOREIGN KEY ("IDROLE")
	  REFERENCES "LITTLE_ERP"."ROLES" ("IDROLE") ENABLE;
  ALTER TABLE "LITTLE_ERP"."ROLES_PERMISSIONS" ADD CONSTRAINT "ROLES_PERMISSIONS_FK2" FOREIGN KEY ("IDPERMISSION")
	  REFERENCES "LITTLE_ERP"."PERMISSIONS" ("IDPERMISSION") ENABLE;
--------------------------------------------------------
--  Ref Constraints for Table USER_ROLES
--------------------------------------------------------

  ALTER TABLE "LITTLE_ERP"."USER_ROLES" ADD CONSTRAINT "USER_ROLES_FK1" FOREIGN KEY ("IDUSER")
	  REFERENCES "LITTLE_ERP"."USERS" ("IDUSER") ENABLE;
  ALTER TABLE "LITTLE_ERP"."USER_ROLES" ADD CONSTRAINT "USER_ROLES_FK2" FOREIGN KEY ("IDROLE")
	  REFERENCES "LITTLE_ERP"."ROLES" ("IDROLE") ENABLE;
